timestamp,isConnected,type
1557278189327,False,WIFI
1557278189418,False,MOBILE
1557278269207,False,MOBILE
1557278269231,False,WIFI
1557278426048,False,WIFI
1557278426064,False,MOBILE
1557278467666,False,MOBILE
1557278467676,False,WIFI
1557278900049,True,WIFI
1557278901048,False,MOBILE
1557279017604,False,MOBILE
1557279022113,False,MOBILE
1557279022138,False,WIFI
1557284183760,True,WIFI
1557284188844,False,MOBILE
1557284326048,False,MOBILE
1557284326075,False,WIFI
1557286259730,False,WIFI
1557286259771,False,MOBILE
1557286290872,False,MOBILE
1557286290893,False,WIFI
1557288030379,False,WIFI
1557288030408,False,MOBILE
1557288071919,False,MOBILE
1557288071942,False,WIFI
1557288433446,True,WIFI
1557288434467,False,MOBILE
1557288565854,False,MOBILE
1557288565872,False,WIFI
1557288660948,True,WIFI
1557288662432,False,MOBILE
1557288669278,False,MOBILE
1557288669303,False,WIFI
1557288688862,False,WIFI
1557288688888,False,MOBILE
1557288696142,False,MOBILE
1557288696164,False,WIFI
1557288774697,False,WIFI
1557288774718,False,MOBILE
1557288784723,False,MOBILE
1557288784756,False,WIFI
1557290758216,False,WIFI
1557290758255,False,MOBILE
1557290789653,False,MOBILE
1557290789692,False,WIFI
1557293053083,True,WIFI
1557293054090,False,MOBILE
1557293058559,False,MOBILE
1557293058587,False,WIFI
1557293068794,False,WIFI
1557293068825,False,MOBILE
1557293074254,False,MOBILE
1557293074279,False,WIFI
1557293125573,True,WIFI
1557293126593,False,MOBILE
1557293132289,False,MOBILE
1557293132313,False,WIFI
1557293167691,True,WIFI
1557293168669,False,MOBILE
1557293381919,False,MOBILE
1557293381940,False,WIFI
1557293531552,False,WIFI
1557293531569,False,MOBILE
1557293572809,False,MOBILE
1557293572835,False,WIFI
1557298418806,False,WIFI
1557298418868,False,MOBILE
1557298472904,False,MOBILE
1557298472929,False,WIFI
1557303178534,True,WIFI
1557303179471,False,MOBILE
1557303344174,False,MOBILE
1557303344193,False,WIFI
1557303398289,False,WIFI
1557303398307,False,MOBILE
1557303471181,False,MOBILE
1557303495604,False,MOBILE
1557303495619,False,WIFI
1557303682791,False,WIFI
1557303682807,False,MOBILE
1557303724614,False,MOBILE
1557303724628,False,WIFI
1557303853033,True,WIFI
1557303853809,False,MOBILE
1557303897642,False,MOBILE
1557303897663,False,WIFI
1557308235231,True,WIFI
1557308236383,False,MOBILE
1557308369680,False,MOBILE
1557308654249,False,MOBILE
1557308654284,False,WIFI
1557308663218,False,WIFI
1557308663240,False,MOBILE
1557308668172,False,MOBILE
1557308668205,False,WIFI
1557310039134,False,WIFI
1557310039152,False,MOBILE
1557310039173,False,MOBILE
1557310080441,False,MOBILE
1557310080465,False,WIFI
1557310089386,False,WIFI
1557310089427,False,MOBILE
1557310097243,False,MOBILE
1557310097274,False,WIFI
1557310113523,True,WIFI
1557310114536,False,MOBILE
1557310373742,False,MOBILE
1557310373768,False,WIFI
1557311774341,False,WIFI
1557311774399,False,MOBILE
1557311816304,False,MOBILE
1557311816328,False,WIFI
1557312019505,True,WIFI
1557312020594,False,MOBILE
1557312148309,False,MOBILE
1557312148333,False,WIFI
1557313115462,True,WIFI
1557313116768,False,MOBILE
1557313163461,False,MOBILE
1557313163495,False,WIFI
1557321778610,False,WIFI
1557321778632,False,MOBILE
1557321809965,False,MOBILE
1557321809990,False,WIFI
1557324776916,True,WIFI
1557324778184,False,MOBILE
1557324821733,False,MOBILE
1557324821759,False,WIFI
1557325005262,True,WIFI
1557325006381,False,MOBILE
1557325101477,False,MOBILE
1557325103422,False,MOBILE
1557325103448,False,WIFI
1557325133261,True,WIFI
1557325134270,False,MOBILE
1557325140014,False,MOBILE
1557325140037,False,WIFI
1557325165558,True,WIFI
1557325166635,False,MOBILE
1557325282221,False,MOBILE
1557325312191,False,MOBILE
1557325312217,False,WIFI
1557325330655,True,WIFI
1557325332766,False,MOBILE
1557325700625,False,MOBILE
1557329835574,False,MOBILE
1557329835633,False,WIFI
1557329945390,True,WIFI
1557329946468,False,MOBILE
1557330015698,False,MOBILE
1557330015717,False,WIFI
1557330050256,True,WIFI
1557330051333,False,MOBILE
1557330056223,False,MOBILE
1557330056245,False,WIFI
1557330205188,True,WIFI
1557330206291,False,MOBILE
1557330211232,False,MOBILE
1557330211250,False,WIFI
1557330300225,True,WIFI
1557330301293,False,MOBILE
1557330306514,False,MOBILE
1557330306533,False,WIFI
1557330441122,True,WIFI
1557330442101,False,MOBILE
1557331027485,False,MOBILE
1557331027523,False,WIFI
1557331506251,False,WIFI
1557331506261,False,MOBILE
1557331549093,False,MOBILE
1557331549115,False,WIFI
1557331577802,False,WIFI
1557331577830,False,MOBILE
1557331643449,False,MOBILE
1557331643479,False,WIFI
1557332902923,True,WIFI
1557332908375,False,MOBILE
1557332942762,False,MOBILE
1557332942809,False,WIFI
1557332951903,False,WIFI
1557332951935,False,MOBILE
1557332958231,False,MOBILE
1557332958256,False,WIFI
1557332986826,False,WIFI
1557332986863,False,MOBILE
1557333038268,False,MOBILE
1557333038307,False,WIFI
1557333131327,True,WIFI
1557333132575,False,MOBILE
1557333140013,False,MOBILE
1557333140049,False,WIFI
1557333156881,True,WIFI
1557333157980,False,MOBILE
1557333166580,False,MOBILE
1557333166610,False,WIFI
1557333435077,False,UNDEFINED
1557333481862,False,UNDEFINED
1557357869087,False,WIFI
1557357869101,False,MOBILE
1557357875515,False,MOBILE
1557357900571,False,MOBILE
1557357900592,False,WIFI
1557359020651,True,WIFI
1557359021856,False,MOBILE
1557359024613,False,MOBILE
1557359024631,False,WIFI
