timestamp,encoding,duration,path,sampleRate,channelMask
1557273682975,PCM16BIT,15000,/storage/emulated/0/Android/data/kaist.iclab.abclogger/files/1557273667578.record,8000,MONO
1557274598482,PCM16BIT,15000,/storage/emulated/0/Android/data/kaist.iclab.abclogger/files/1557274583079.record,8000,MONO
1557275513752,PCM16BIT,15000,/storage/emulated/0/Android/data/kaist.iclab.abclogger/files/1557275498566.record,8000,MONO
1557276429202,PCM16BIT,15000,/storage/emulated/0/Android/data/kaist.iclab.abclogger/files/1557276413812.record,8000,MONO
1557277344468,PCM16BIT,15000,/storage/emulated/0/Android/data/kaist.iclab.abclogger/files/1557277329309.record,8000,MONO
1557278259758,PCM16BIT,15000,/storage/emulated/0/Android/data/kaist.iclab.abclogger/files/1557278244578.record,8000,MONO
1557279175020,PCM16BIT,15000,/storage/emulated/0/Android/data/kaist.iclab.abclogger/files/1557279159853.record,8000,MONO
1557280090499,PCM16BIT,15000,/storage/emulated/0/Android/data/kaist.iclab.abclogger/files/1557280075096.record,8000,MONO
1557281005757,PCM16BIT,15000,/storage/emulated/0/Android/data/kaist.iclab.abclogger/files/1557280990581.record,8000,MONO
1557281921077,PCM16BIT,15000,/storage/emulated/0/Android/data/kaist.iclab.abclogger/files/1557281905897.record,8000,MONO
1557282943579,PCM16BIT,15000,/storage/emulated/0/Android/data/kaist.iclab.abclogger/files/1557282928405.record,8000,MONO
1557283935266,PCM16BIT,15000,/storage/emulated/0/Android/data/kaist.iclab.abclogger/files/1557283919895.record,8000,MONO
1557284850523,PCM16BIT,15000,/storage/emulated/0/Android/data/kaist.iclab.abclogger/files/1557284835367.record,8000,MONO
1557285766014,PCM16BIT,15000,/storage/emulated/0/Android/data/kaist.iclab.abclogger/files/1557285750618.record,8000,MONO
1557286681222,PCM16BIT,15000,/storage/emulated/0/Android/data/kaist.iclab.abclogger/files/1557286666067.record,8000,MONO
1557287596534,PCM16BIT,15000,/storage/emulated/0/Android/data/kaist.iclab.abclogger/files/1557287581362.record,8000,MONO
1557288511822,PCM16BIT,15000,/storage/emulated/0/Android/data/kaist.iclab.abclogger/files/1557288496665.record,8000,MONO
1557289426847,PCM16BIT,15000,/storage/emulated/0/Android/data/kaist.iclab.abclogger/files/1557289411451.record,8000,MONO
1557290342367,PCM16BIT,15000,/storage/emulated/0/Android/data/kaist.iclab.abclogger/files/1557290326967.record,8000,MONO
1557291257960,PCM16BIT,15000,/storage/emulated/0/Android/data/kaist.iclab.abclogger/files/1557291242460.record,8000,MONO
1557292173210,PCM16BIT,15000,/storage/emulated/0/Android/data/kaist.iclab.abclogger/files/1557292158048.record,8000,MONO
1557293088470,PCM16BIT,15000,/storage/emulated/0/Android/data/kaist.iclab.abclogger/files/1557293073292.record,8000,MONO
1557294004062,PCM16BIT,15000,/storage/emulated/0/Android/data/kaist.iclab.abclogger/files/1557293988631.record,8000,MONO
1557294919574,PCM16BIT,15000,/storage/emulated/0/Android/data/kaist.iclab.abclogger/files/1557294904164.record,8000,MONO
1557295835148,PCM16BIT,15000,/storage/emulated/0/Android/data/kaist.iclab.abclogger/files/1557295819694.record,8000,MONO
1557296750653,PCM16BIT,15000,/storage/emulated/0/Android/data/kaist.iclab.abclogger/files/1557296735223.record,8000,MONO
1557297666242,PCM16BIT,15000,/storage/emulated/0/Android/data/kaist.iclab.abclogger/files/1557297650826.record,8000,MONO
1557298581741,PCM16BIT,15000,/storage/emulated/0/Android/data/kaist.iclab.abclogger/files/1557298566319.record,8000,MONO
1557299497308,PCM16BIT,15000,/storage/emulated/0/Android/data/kaist.iclab.abclogger/files/1557299481832.record,8000,MONO
1557300412915,PCM16BIT,15000,/storage/emulated/0/Android/data/kaist.iclab.abclogger/files/1557300397443.record,8000,MONO
1557301328191,PCM16BIT,15000,/storage/emulated/0/Android/data/kaist.iclab.abclogger/files/1557301313011.record,8000,MONO
1557302262313,PCM16BIT,15000,/storage/emulated/0/Android/data/kaist.iclab.abclogger/files/1557302247158.record,8000,MONO
1557303614270,PCM16BIT,15000,/storage/emulated/0/Android/data/kaist.iclab.abclogger/files/1557303598888.record,8000,MONO
1557304529679,PCM16BIT,15000,/storage/emulated/0/Android/data/kaist.iclab.abclogger/files/1557304514328.record,8000,MONO
1557306854239,PCM16BIT,15000,/storage/emulated/0/Android/data/kaist.iclab.abclogger/files/1557306839083.record,8000,MONO
1557309893556,PCM16BIT,15000,/storage/emulated/0/Android/data/kaist.iclab.abclogger/files/1557309878123.record,8000,MONO
1557311702939,PCM16BIT,15000,/storage/emulated/0/Android/data/kaist.iclab.abclogger/files/1557311687559.record,8000,MONO
1557313215582,PCM16BIT,15000,/storage/emulated/0/Android/data/kaist.iclab.abclogger/files/1557313200137.record,8000,MONO
1557314131167,PCM16BIT,15000,/storage/emulated/0/Android/data/kaist.iclab.abclogger/files/1557314115658.record,8000,MONO
1557315046452,PCM16BIT,15000,/storage/emulated/0/Android/data/kaist.iclab.abclogger/files/1557315031287.record,8000,MONO
1557315961748,PCM16BIT,15000,/storage/emulated/0/Android/data/kaist.iclab.abclogger/files/1557315946567.record,8000,MONO
1557316877367,PCM16BIT,15000,/storage/emulated/0/Android/data/kaist.iclab.abclogger/files/1557316862193.record,8000,MONO
1557317792928,PCM16BIT,15000,/storage/emulated/0/Android/data/kaist.iclab.abclogger/files/1557317777474.record,8000,MONO
1557318708187,PCM16BIT,15000,/storage/emulated/0/Android/data/kaist.iclab.abclogger/files/1557318693000.record,8000,MONO
1557319623447,PCM16BIT,15000,/storage/emulated/0/Android/data/kaist.iclab.abclogger/files/1557319608290.record,8000,MONO
1557320538947,PCM16BIT,15000,/storage/emulated/0/Android/data/kaist.iclab.abclogger/files/1557320523530.record,8000,MONO
1557321454480,PCM16BIT,15000,/storage/emulated/0/Android/data/kaist.iclab.abclogger/files/1557321439057.record,8000,MONO
1557322370066,PCM16BIT,15000,/storage/emulated/0/Android/data/kaist.iclab.abclogger/files/1557322354562.record,8000,MONO
1557323285357,PCM16BIT,15000,/storage/emulated/0/Android/data/kaist.iclab.abclogger/files/1557323270185.record,8000,MONO
1557324200640,PCM16BIT,15000,/storage/emulated/0/Android/data/kaist.iclab.abclogger/files/1557324185485.record,8000,MONO
1557325116172,PCM16BIT,15000,/storage/emulated/0/Android/data/kaist.iclab.abclogger/files/1557325100749.record,8000,MONO
1557326031479,PCM16BIT,15000,/storage/emulated/0/Android/data/kaist.iclab.abclogger/files/1557326016310.record,8000,MONO
1557326946759,PCM16BIT,15000,/storage/emulated/0/Android/data/kaist.iclab.abclogger/files/1557326931591.record,8000,MONO
1557327862065,PCM16BIT,15000,/storage/emulated/0/Android/data/kaist.iclab.abclogger/files/1557327846891.record,8000,MONO
1557328777353,PCM16BIT,15000,/storage/emulated/0/Android/data/kaist.iclab.abclogger/files/1557328762189.record,8000,MONO
1557329692610,PCM16BIT,15000,/storage/emulated/0/Android/data/kaist.iclab.abclogger/files/1557329677490.record,8000,MONO
1557330607908,PCM16BIT,15000,/storage/emulated/0/Android/data/kaist.iclab.abclogger/files/1557330592746.record,8000,MONO
1557331523172,PCM16BIT,15000,/storage/emulated/0/Android/data/kaist.iclab.abclogger/files/1557331508008.record,8000,MONO
1557332582287,PCM16BIT,15000,/storage/emulated/0/Android/data/kaist.iclab.abclogger/files/1557332566829.record,8000,MONO
1557333497823,PCM16BIT,15000,/storage/emulated/0/Android/data/kaist.iclab.abclogger/files/1557333482394.record,8000,MONO
1557334413363,PCM16BIT,15000,/storage/emulated/0/Android/data/kaist.iclab.abclogger/files/1557334397949.record,8000,MONO
1557335328615,PCM16BIT,15000,/storage/emulated/0/Android/data/kaist.iclab.abclogger/files/1557335313468.record,8000,MONO
1557343185820,PCM16BIT,15000,/storage/emulated/0/Android/data/kaist.iclab.abclogger/files/1557343138381.record,8000,MONO
1557354359005,PCM16BIT,15000,/storage/emulated/0/Android/data/kaist.iclab.abclogger/files/1557354284316.record,8000,MONO
1557358081760,PCM16BIT,15000,/storage/emulated/0/Android/data/kaist.iclab.abclogger/files/1557358066331.record,8000,MONO
1557359282515,PCM16BIT,15000,/storage/emulated/0/Android/data/kaist.iclab.abclogger/files/1557359267038.record,8000,MONO
